link,name,id
https://twitter.com/dogfather,matt,@dogfather
https://twitter.com/TheGoldenRatio4,The Golden Ratio,@TheGoldenRatio4
https://twitter.com/bunsenbernerbmd,Bunsen and BEAKER,@bunsenbernerbmd
https://twitter.com/PAVGOD,ᴘᴀᴠʟᴏᴠ ᴛʜᴇ ᴄᴏʀɢɪ,@PAVGOD
https://twitter.com/15outof10,15/10 Foundation,@15outof10
https://twitter.com/IvePetThatCat1,I’ve Pet That Cat,@IvePetThatCat1
https://twitter.com/BlairBraverman,Blair Braverman,@BlairBraverman
https://twitter.com/JohnRush32,John Rush,@JohnRush32
https://twitter.com/QuinceMountain,Quince Mountain,@QuinceMountain
https://twitter.com/_We_Rate_Cats,WeRateCats,@_We_Rate_Cats
https://twitter.com/NEHumaneSociety,Nebraska Humane Society,@NEHumaneSociety
https://twitter.com/BooksHonest,HonestDogBooks,@BooksHonest
https://twitter.com/onetailatatime,One Tail at a Time (OTAT),@onetailatatime
https://twitter.com/UNIamaSquirrel,UNI Squirrels,@UNIamaSquirrel
https://twitter.com/EthansPetProj,Ethan's Rescue Pet Project,@EthansPetProj
https://twitter.com/_StreetTails,Street Tails Animal Rescue,@_StreetTails
https://twitter.com/ADOPTPetShelter,ADOPT Pet Shelter,@ADOPTPetShelter
https://twitter.com/HumaneRescue,Humane Rescue,@HumaneRescue
https://twitter.com/NoodlesBonesDay,Does Noodle Have Bones,@NoodlesBonesDay
https://twitter.com/AgapeRescue,Agape Animal Rescue & Training Center,@AgapeRescue
https://twitter.com/mashable,Mashable,@mashable
https://twitter.com/PetSmart,PetSmart,@PetSmart
https://twitter.com/Chewy,Chewy,@Chewy
https://twitter.com/HaddieTheDog,Haddie,@HaddieTheDog
https://twitter.com/PupperNelson,NELSON,@PupperNelson
https://twitter.com/muddypawsnyc,Muddy Paws Rescue,@muddypawsnyc
https://twitter.com/oldfriendssds,Old Friends Senior Dog Sanctuary,@oldfriendssds
https://twitter.com/petsuppliesplus,Pet Supplies Plus,@petsuppliesplus
https://twitter.com/barkbox,BarkBox,@barkbox
https://twitter.com/AnimalPlanet,Animal Planet,@AnimalPlanet
https://twitter.com/MainLineRescue,Main Line Rescue,@MainLineRescue
https://twitter.com/VictorEBulldog,Victor E. Bulldog III,@VictorEBulldog
https://twitter.com/KffDogs,DogsOfKFF,@KffDogs
https://twitter.com/GDB_official,Guide Dogs for the Blind,@GDB_official
https://twitter.com/DailyShowDogs,Daily Show Dogs,@DailyShowDogs
https://twitter.com/DogFriendlyTrav,"Dog Friendly Travel  with Louie, Coco & Larry",@DogFriendlyTrav
https://twitter.com/VCAnimalService,VC Animal Services,@VCAnimalService
https://twitter.com/MerriamWebster,Merriam-Webster,@MerriamWebster
https://twitter.com/Dictionarycom,Dictionary.com,@Dictionarycom
https://twitter.com/DogGoneSeattle,Dog Gone Seattle,@DogGoneSeattle
https://twitter.com/kcpetproject,KC Pet Project,@kcpetproject
https://twitter.com/Elphie_Pup,Elphaba  (She/Her/They),@Elphie_Pup
https://twitter.com/archiestore,Wallingford Beast,@archiestore
https://twitter.com/CityDogsRescue,City Dogs & City Kitties Rescue,@CityDogsRescue
https://twitter.com/PSPCA,Pennsylvania SPCA,@PSPCA
https://twitter.com/petsandus,John Bradshaw,@petsandus
https://twitter.com/ranaltboo,Ranbalt,@ranaltboo
https://twitter.com/BronxZoo,Bronx Zoo,@BronxZoo
https://twitter.com/outwardhound_,Outward Hound,@outwardhound_
https://twitter.com/andrewomerknapp,andrew knapp,@andrewomerknapp
https://twitter.com/hsmo,Humane Society of Missouri,@hsmo
https://twitter.com/DogspottingOrg,Dogspotting,@DogspottingOrg
https://twitter.com/Dream,Dream,@Dream
https://twitter.com/canineorg,Canine Companions®,@canineorg
https://twitter.com/Hartmanreserve,Hartman Reserve Nature Center,@Hartmanreserve
https://twitter.com/ShakeNBake,Shake 'N Bake,@ShakeNBake
https://twitter.com/Twitter,Twitter,@Twitter
https://twitter.com/dodo,The Dodo,@dodo
https://twitter.com/nashvillehumane,Nashville Humane,@nashvillehumane
https://twitter.com/Darrelthedoge,Darrel,@Darrelthedoge
https://twitter.com/Trevornoah,Trevor Noah,@Trevornoah
https://twitter.com/SeattleHumane,Seattle Humane,@SeattleHumane
https://twitter.com/johnjohn_the,The JohnJohn and Luna,@johnjohn_the
https://twitter.com/searchdogfdn,SearchDogFoundation,@searchdogfdn
https://twitter.com/kyhumane,KY Humane Society,@kyhumane
https://twitter.com/THE_HowieDog,Howie,@THE_HowieDog
https://twitter.com/DTPfoundation,Doug The Pug Foundation,@DTPfoundation
https://twitter.com/ARLIowa,Animal Rescue League,@ARLIowa
https://twitter.com/TunesLennie,Lennie's Tunes,@TunesLennie
https://twitter.com/jeditheborder,jeditheborder,@jeditheborder
https://twitter.com/bennys_dispatch,Benny's Dispatch,@bennys_dispatch
https://twitter.com/FirstDogBailey,Bailey Warren,@FirstDogBailey
https://twitter.com/TateosaurusRex,Tater Tot,@TateosaurusRex
https://twitter.com/KaylaPekkala,Kayla Pekkala,@KaylaPekkala
https://twitter.com/Mannekethepup,Manneke the Pup,@Mannekethepup
https://twitter.com/BrianCanterbury,briancanterbury.eth,@BrianCanterbury
https://twitter.com/TheButlerBlue,Butler Blue IV,@TheButlerBlue
https://twitter.com/firesafetydogs,Molly the Fire Safety Dog,@firesafetydogs
https://twitter.com/BerneseMDLover,King,@BerneseMDLover
https://twitter.com/quirkbooks,Quirk Books,@quirkbooks
https://twitter.com/alexyarnold,Alex Arnold,@alexyarnold
https://twitter.com/MelissaLaurenE,Melissa Edwards,@MelissaLaurenE
https://twitter.com/Stranger_Things,Stranger Things,@Stranger_Things
https://twitter.com/GatenM123,Gaten Matarazzo,@GatenM123
https://twitter.com/EstherThePig,Esther TheWonder Pig,@EstherThePig
https://twitter.com/Lumberjanes,Lumberjanes,@Lumberjanes
https://twitter.com/Aiden00983721,Aiden Reynolds,@Aiden00983721
https://twitter.com/WKCDOGS,Westminster Dog Show,@WKCDOGS
https://twitter.com/molly_knight,Molly Knight,@molly_knight
https://twitter.com/MilwPugFest,Milwaukee Pug Fest,@MilwPugFest
https://twitter.com/lincolnlibcf,Lincoln Library CF,@lincolnlibcf
https://twitter.com/akcdoglovers,American Kennel Club,@akcdoglovers
https://twitter.com/RoyalCanin,RoyalCanin,@RoyalCanin
https://twitter.com/zilkerbark,Zilker Bark,@zilkerbark
https://twitter.com/dog_feelings,Thoughts of Dog®,@dog_feelings
https://twitter.com/chockfullonuts,Chock full o'Nuts,@chockfullonuts
https://twitter.com/kevin64572248,Kevin Wilson,@kevin64572248
https://twitter.com/TheEllenShow,Ellen DeGeneres,@TheEllenShow
https://twitter.com/ButlerBlue3,Butler Blue III,@ButlerBlue3
https://twitter.com/A_single_bear,A bear,@A_single_bear
https://twitter.com/WinstonTapper,WinstonTapper,@WinstonTapper
https://twitter.com/itsdougthepug,Doug The Pug,@itsdougthepug
https://twitter.com/ransomriggs,Ransom Riggs,@ransomriggs
https://twitter.com/HoodartsLou,Mary Lou Hood,@HoodartsLou
https://twitter.com/MagooCrew,MAGOO,@MagooCrew
https://twitter.com/JaneGoodallInst,Dr. Jane Goodall & the Jane Goodall Institute,@JaneGoodallInst
https://twitter.com/DrakeUGriff,Griff II,@DrakeUGriff
https://twitter.com/goraina,Raina Telgemeier,@goraina
https://twitter.com/StudioJJK,Jarrett J. Krosoczka,@StudioJJK
https://twitter.com/JamiesonV,Victoria Jamieson,@JamiesonV
https://twitter.com/ArchieMcPhee,Archie McPhee,@ArchieMcPhee
https://twitter.com/CIPYDPodcast,Can I Pet Your Dog?,@CIPYDPodcast
https://twitter.com/TheHill_CF,College Hill,@TheHill_CF
https://twitter.com/Mainstsweetscf,Main Street Sweets,@Mainstsweetscf
https://twitter.com/hansen_dairy,Hansen Dairy,@hansen_dairy
https://twitter.com/CF_Lincoln,Lincoln Elementary,@CF_Lincoln
https://twitter.com/theDogvocate,"James, The Dogvocate",@theDogvocate
https://twitter.com/BrickThePoodle,BrickThePoodle,@BrickThePoodle
https://twitter.com/PAWSChicago,PAWSChicago,@PAWSChicago
https://twitter.com/NerdPyle,Ned Pyle,@NerdPyle
https://twitter.com/Svengoolie,Svengoolie,@Svengoolie
https://twitter.com/CJ_FightPD,CJ Topher,@CJ_FightPD
https://twitter.com/rebstead,Rebecca Stead (on hiatus),@rebstead
https://twitter.com/AdamRippon,Adam Rippon,@AdamRippon
https://twitter.com/maxgigi,max giles,@maxgigi
https://twitter.com/Imaginedragons,Imagine Dragons,@Imaginedragons
https://twitter.com/Lin_Manuel,Lin-Manuel Miranda,@Lin_Manuel
https://twitter.com/CedarBendHumane,Cedar Bend Humane,@CedarBendHumane
https://twitter.com/RachelBraunigan,Rachel Braunigan,@RachelBraunigan
https://twitter.com/dog_rates,WeRateDogs®,@dog_rates
https://twitter.com/darth,darth™,@darth
